Position,Company,Location,URL
인공지능 기초부터 프로젝트 실습까지:Python과 Weka활용(취업연계)의 전체 세부 정보,재단법인 한국에이아이블록체인융합원,경상남도,https://kr.indeed.com/rc/clk?jk=0eff71fabf6c4b1f&fccid=f05769bef089cf29&vjs=3
라인프렌즈[IPX] 2022년 각 부문 수시의 전체 세부 정보,IPX,서울 용산구,https://kr.indeed.com/rc/clk?jk=1015284880e2ff62&fccid=e6548a8408f0612b&vjs=3
2023 Software Engineering Intern  People with Disabilities (장애인 채용)의 전체 세부 정보,Google,서울,https://kr.indeed.com/rc/clk?jk=ed7b7e6eb72ffab8&fccid=a5b4499d9e91a5c6&vjs=3
비즈니스 데이터 분석가 (Business Data Analyst) 영입의 전체 세부 정보,카카오페이,성남 분당구,https://kr.indeed.com/rc/clk?jk=8b82670b52cf5e98&fccid=c3aa6121be03065c&vjs=3
딥러닝 영상 인식 Researcher의 전체 세부 정보,앤씨앤,성남 분당구,https://kr.indeed.com/rc/clk?jk=a6c15fbd57a9747d&fccid=e0ebb3045283ebe8&vjs=3
[외국계 스타트업 미소] Business Analyst Intern (정규직 전환형)의 전체 세부 정보,유한회사 미소,서울,https://kr.indeed.com/rc/clk?jk=4c25d6649f8434a8&fccid=02936474a8d39137&vjs=3
서버 엔지니어 (Python)의 전체 세부 정보,페이히어,서울 강남구,https://kr.indeed.com/rc/clk?jk=5ccb95e3fe5f6994&fccid=254f50a1adb01cad&vjs=3
[양재역] 데이터분석(석박사급 R Python Matlab)의 전체 세부 정보,시니어앤파트너즈,서울 서초구,https://kr.indeed.com/rc/clk?jk=ce71e040d5a36470&fccid=59060ddcdf96b101&vjs=3
2023년 DIgital Lab 전문계약직 상시의 전체 세부 정보,GS칼텍스,서울 강남구,https://kr.indeed.com/rc/clk?jk=2e45e43017a6ea1f&fccid=f152288f3dcf6e51&vjs=3
[삼성중공업 취업률 60] 23년 DT 제조혁신 양성과정의 전체 세부 정보,삼성중공업 거제조선소,경상남도,https://kr.indeed.com/rc/clk?jk=e14395aeaef03617&fccid=26e0feb8bfeca210&vjs=3
[인턴십] Papago 이미지 번역의 전체 세부 정보,네이버클라우드,성남 분당구,https://kr.indeed.com/rc/clk?jk=2a8b319168008fd9&fccid=54815931228b42c0&vjs=3
데이터분석 신입/경력 정규직의 전체 세부 정보,블록스퀘어서울,서울 서초구,https://kr.indeed.com/rc/clk?jk=88960e11c2cdd682&fccid=72348558bd9456ba&vjs=3
Associate Consultant Intern의 전체 세부 정보,Mastercard,서울,https://kr.indeed.com/rc/clk?jk=acf53a07a0c4d06f&fccid=10b5c722d846df43&vjs=3
[NAVER Z] 데이터 엔지니어의 전체 세부 정보,네이버제트,성남 분당구,https://kr.indeed.com/rc/clk?jk=e32bdbdd2af9af86&fccid=bc34e4450e078d19&vjs=3
[병역 특례 가능] 백엔드 엔지니어(Python)의 전체 세부 정보,피플펀드컴퍼니,서울 서초구,https://kr.indeed.com/rc/clk?jk=3cbd2f42de625fab&fccid=10d9fdf90a5a21a4&vjs=3
3D 비전 Researcher의 전체 세부 정보,앤씨앤,포항 북구,https://kr.indeed.com/rc/clk?jk=ef5cdb62a88a2a2d&fccid=e0ebb3045283ebe8&vjs=3
2023년 신입/경력사원 수시의 전체 세부 정보,벽산,서울 중구,https://kr.indeed.com/rc/clk?jk=5eda03fdcd12e221&fccid=e7df3ebd44da0bef&vjs=3
기술 인턴 인공지능 응용 연구/개발 인턴의 전체 세부 정보,써로마인드로보틱스,서울 관악구,https://kr.indeed.com/rc/clk?jk=71c47ac87bb4087e&fccid=230e414668234579&vjs=3
2023년 현대건설 R&D 분야 전문인력 선발의 전체 세부 정보,현대건설,서울 종로구,https://kr.indeed.com/rc/clk?jk=1ddabedf5262b80f&fccid=15eb6ec522cd5360&vjs=3
Associate Solutions Architect Internship - Summer 2023 (Korea)의 전체 세부 정보,Amazon Web Services Korea LLC,서울,https://kr.indeed.com/rc/clk?jk=715514fa2903944c&fccid=fe2d21eef233e94a&vjs=3
[ICT] Data Scientist - 자연어처리[매니저]의 전체 세부 정보,현대자동차그룹,대한민국,https://kr.indeed.com/rc/clk?jk=cf99a4662ad1c936&fccid=980d6ecc399a3373&vjs=3
[경력] 컴퓨터비전 딥러닝/AI R&D 엔지니어 (석사이상)의 전체 세부 정보,구름,성남 분당구,https://kr.indeed.com/rc/clk?jk=a38b88b06aa50d4d&fccid=93116efd0859e0ce&vjs=3
Business Intelligence Engineer의 전체 세부 정보,마켓핏랩,서울,https://kr.indeed.com/company/%EB%A7%88%EC%BC%93%ED%95%8F%EB%9E%A9/jobs/Business-Intelligence-Engineer-643e1ff49cc2cc0e?fccid=3f1bbd0e33a2be0c&vjs=3
데이터플랫폼팀 데이터분석가(Data Analyst)의 전체 세부 정보,컬리,서울 강남구,https://kr.indeed.com/rc/clk?jk=c2d07f35f70c865a&fccid=84f556ede0522ba3&vjs=3
C++/Python 개발자 (병역특례 가능)의 전체 세부 정보,아우토크립트,서울 영등포구,https://kr.indeed.com/rc/clk?jk=d2e4b66aaa70d0aa&fccid=70a92c8954e2b950&vjs=3
서버 개발자 - 기반기술 (대규모 )의 전체 세부 정보,한국카카오은행,성남 분당구,https://kr.indeed.com/rc/clk?jk=c0ad6885b241b9eb&fccid=aea6a13a3459fdb2&vjs=3
[선릉역] 데이터.신호처리(석박사급 Matlab Python)의 전체 세부 정보,시니어앤파트너즈,서울 강남구,https://kr.indeed.com/rc/clk?jk=986af445137757d7&fccid=59060ddcdf96b101&vjs=3
Quantitative Researcher의 전체 세부 정보,WorldQuant,서울,https://kr.indeed.com/rc/clk?jk=e7e8586d716fcf24&fccid=08487f979320ebae&vjs=3
Python 분석 인원 정규직 채용의 전체 세부 정보,(주)스마트모빌러티 관심기업,서울 휘경동,https://kr.indeed.com/rc/clk?jk=5e761f105a377ae8&fccid=307824036b9dcb17&vjs=3
인공지능(AI) 기술 개발(신입)의 전체 세부 정보,(주)RGA Inc.,서울 강남역,https://kr.indeed.com/company/(%EC%A3%BC)RGA-Inc./jobs/%EC%9D%B8%EA%B3%B5%EC%A7%80%EB%8A%A5-95a7a9b4c00f9ada?fccid=dd616958bd9ddc12&vjs=3
[메이저 금융그룹 연구소] Data Scientist 경력직 연구원 포지션의 전체 세부 정보,메이저 금융그룹 연구소,서울,https://kr.indeed.com/company/%EB%8D%94-%ED%9C%B4%EB%A8%BC/jobs/Data-Scientist-%EA%B2%BD%EB%A0%A5%EC%A7%81-%EC%97%B0%EA%B5%AC%EC%9B%90-%ED%8F%AC%EC%A7%80%EC%85%98-f8a5bc05f47465f8?fccid=3cfe13845f73c09f&vjs=3
[선릉역] 서버개발 백엔드(앱 웹 AWS Python)의 전체 세부 정보,시니어앤파트너즈,서울 강남구,https://kr.indeed.com/rc/clk?jk=08546574c6378e02&fccid=59060ddcdf96b101&vjs=3
[AI Lab] AI Assistant 자연어이해 모델 연구/개발자 영입의 전체 세부 정보,카카오엔터프라이즈,성남 분당구,https://kr.indeed.com/rc/clk?jk=ac3bc0465977b363&fccid=e19aa33fc391b310&vjs=3
Junior Data Scientist의 전체 세부 정보,Logistics Management Institute,서울,https://kr.indeed.com/rc/clk?jk=ffcab40699b79c6b&fccid=12626f295bf6a003&vjs=3
디지털 자산 리서치 인턴의 전체 세부 정보,두나무,서울 강남구,https://kr.indeed.com/rc/clk?jk=441c717c2b82b684&fccid=6723a9d496e46445&vjs=3
2023년 메타버스 아카데미 2기 교육생의 전체 세부 정보,한국전파진흥협회,성남 분당구,https://kr.indeed.com/rc/clk?jk=39d19b49e76b203d&fccid=4f2ea8d6d8ab34ba&vjs=3
C# S/W 개발 or Python 기반 응용 S/W 개발의 전체 세부 정보,제스엔지니어링,서울 금천구,https://kr.indeed.com/rc/clk?jk=fe5b6afc9febb887&fccid=0f2f8141103a3f4e&vjs=3
[인텔리전스랩스] 데이터 분석가 (마케팅)의 전체 세부 정보,Nexon,경기도 성남,https://kr.indeed.com/rc/clk?jk=460dc8ad3ad79208&fccid=aba87288e4cc3687&vjs=3
신입 서버 엔지니어 (Python)의 전체 세부 정보,페이히어,서울 강남구,https://kr.indeed.com/rc/clk?jk=92940febef828985&fccid=254f50a1adb01cad&vjs=3
[선행기술원] Machine Learning[책임연구원]의 전체 세부 정보,현대자동차그룹,성남 판교역,https://kr.indeed.com/rc/clk?jk=40e310eda5a03200&fccid=980d6ecc399a3373&vjs=3
차량 데이터 서비스 기획의 전체 세부 정보,기아,서울 서초구,https://kr.indeed.com/rc/clk?jk=29005c64c83bebf1&fccid=4407ef3f1668028b&vjs=3
[데브시스터즈] DevOps Engineer (신입)의 전체 세부 정보,데브시스터즈,서울 강남구,https://kr.indeed.com/rc/clk?jk=3058f7280a2e6644&fccid=58a9a803698a0afd&vjs=3
Machine Learning Engineer Intern - Korea의 전체 세부 정보,MOLOCO,서울,https://kr.indeed.com/rc/clk?jk=69d3cc2cca262747&fccid=6588d205440cdcb9&vjs=3
Data Analyst Intern - Korea의 전체 세부 정보,MOLOCO,서울,https://kr.indeed.com/rc/clk?jk=3d0e22b9756facb8&fccid=6588d205440cdcb9&vjs=3
디지털 자산 리서치 인턴의 전체 세부 정보,Dunamu,서울,https://kr.indeed.com/rc/clk?jk=a5b4dfb90415269e&fccid=54c9c086b03b7cdc&vjs=3
[인텔리전스랩스] 탐지응용팀 백엔드 개발자 (Python/Go)의 전체 세부 정보,Nexon,경기도 성남,https://kr.indeed.com/rc/clk?jk=4ce79aa71969b913&fccid=aba87288e4cc3687&vjs=3
웹개발  백엔드 외 신입/경력 정규직의 전체 세부 정보,코인챗,서울 강남구,https://kr.indeed.com/rc/clk?jk=e3f3b7e2103d9bc7&fccid=e60f835b4d91f8e6&vjs=3
Data Scientist의 전체 세부 정보,Toss,서울,https://kr.indeed.com/rc/clk?jk=9cb8324539546a71&fccid=18c4935c8ec646d5&vjs=3
2023 Student Training in Engineering Program (STEP)  People with Disabilities (장애인 채용)의 전체 세부 정보,Google,서울,https://kr.indeed.com/rc/clk?jk=5d24a062cabc9f0d&fccid=a5b4499d9e91a5c6&vjs=3
[데브시스터즈] Data Analyst의 전체 세부 정보,데브시스터즈,서울 강남구,https://kr.indeed.com/rc/clk?jk=6b53335986238646&fccid=58a9a803698a0afd&vjs=3
데이터 사이언티스트의 전체 세부 정보,두나무,서울 강남구,https://kr.indeed.com/rc/clk?jk=9614834fe0f9c8e3&fccid=6723a9d496e46445&vjs=3
FX의 전체 세부 정보,Mofac,서울 서초구,https://kr.indeed.com/rc/clk?jk=9214061c8bc345b2&fccid=6cddb172d498d15c&vjs=3
[선행기술원] Quantum Information - 양자 알고리즘[책임연구원]의 전체 세부 정보,현대자동차그룹,성남 판교역,https://kr.indeed.com/rc/clk?jk=95bead20034b3ade&fccid=980d6ecc399a3373&vjs=3
취약점 분석 및 탐지규칙 개발/공격기법 대응 연구의 전체 세부 정보,안랩,성남 분당구,https://kr.indeed.com/rc/clk?jk=190413ff62b28ffc&fccid=0b88b2af6686dd2b&vjs=3
Python/Django 백엔드 개발자 (2년 이상)의 전체 세부 정보,벨루가브루어리,서울 마포구,https://kr.indeed.com/rc/clk?jk=3960bd9415e6df6b&fccid=fefb166bd08e31f3&vjs=3
웹개발  백엔드 외 경력 정규직의 전체 세부 정보,아이티엔제이,울산 남구,https://kr.indeed.com/rc/clk?jk=7dbaa95d22eacd29&fccid=e2652b7e13d4cb4d&vjs=3
데이터 엔지니어 - 플랫폼 (대규모 )의 전체 세부 정보,한국카카오은행,성남 분당구,https://kr.indeed.com/rc/clk?jk=df77c9c5f0936835&fccid=aea6a13a3459fdb2&vjs=3
데이터 마케터 모집의 전체 세부 정보,에이치앤비지노믹스 관심기업,울산 언양읍,https://kr.indeed.com/rc/clk?jk=227dcf80f6f726fc&fccid=c4e46c856ad6c164&vjs=3
Student Researcher  PhD  2023의 전체 세부 정보,구글코리아,서울 강남구,https://kr.indeed.com/rc/clk?jk=f688085bf5b95500&fccid=28712efe9a7c8d8a&vjs=3
서버 개발자 - 기반기술 (대규모 채용)의 전체 세부 정보,카카오뱅크,성남 백현동,https://kr.indeed.com/rc/clk?jk=5ec6b671af3de641&fccid=a8ac43179956a6aa&vjs=3
[선행기술원] 연구개발기술기획[책임연구원]의 전체 세부 정보,현대자동차그룹,성남 판교역,https://kr.indeed.com/rc/clk?jk=e1e174a0e4ddbdb9&fccid=980d6ecc399a3373&vjs=3
[전문연구요원] 의료영상 리서치 엔지니어 정규직의 전체 세부 정보,메디픽셀,서울 마포구,https://kr.indeed.com/rc/clk?jk=3544467a7b64376f&fccid=aba88c202493b8a5&vjs=3
Senior Software Engineer - Multimedia의 전체 세부 정보,Synaptics,서울,https://kr.indeed.com/rc/clk?jk=b4441af199261764&fccid=adec49a5729b60f3&vjs=3
데이터 엔지니어 - 데이터 Biz (대규모 채용)의 전체 세부 정보,카카오뱅크,성남 백현동,https://kr.indeed.com/rc/clk?jk=d94b9570bf9d0ea7&fccid=a8ac43179956a6aa&vjs=3
고객/차량 데이터 서비스 기획 (Data Service Planner)의 전체 세부 정보,기아,서울 서초구,https://kr.indeed.com/rc/clk?jk=e25349751a881c24&fccid=4407ef3f1668028b&vjs=3
Deep learning기반 영상 인식 개발자의 전체 세부 정보,앤씨앤,성남 분당구,https://kr.indeed.com/rc/clk?jk=8223aa8132ce02ab&fccid=e0ebb3045283ebe8&vjs=3
DFT Engineer의 전체 세부 정보,Qingdao GLOBAL GOLDEN BRIDGE ENTERPRISE MANAGEMENT...,서울,https://kr.indeed.com/company/Qingdao-Global-Golden-Bridge-Enterprise-Management-Co.,LTD./jobs/Dft-Engineer-a9c3f4f4fec393d3?fccid=1abb239fdbbc8a41&vjs=3
[올라핀테크] 핀테크 플랫폼 Python(파이썬) 개발자의 전체 세부 정보,주식회사 올라핀테크 관심기업,서울 논현동,https://kr.indeed.com/rc/clk?jk=83afc0063130f3f2&fccid=ee9199e84b45d22f&vjs=3
클라우드 플랫폼 운영 엔지니어의 전체 세부 정보,NHN Enterprise,성남 판교역,https://kr.indeed.com/rc/clk?jk=40e20a58af1e44ee&fccid=cc378bd7bc831eca&vjs=3
[외국계 스타트업 미소] Data Analyst의 전체 세부 정보,유한회사 미소,서울,https://kr.indeed.com/rc/clk?jk=ec5c7ccd76639120&fccid=02936474a8d39137&vjs=3
Software Engineer-Phantom Works Global의 전체 세부 정보,BOEING,서울,https://kr.indeed.com/rc/clk?jk=38eeeeb6731e3cda&fccid=edae4285faf6c2f0&vjs=3
머신러닝  딥러닝 외 경력의 전체 세부 정보,마켓오브메테리얼,울산 울주군,https://kr.indeed.com/rc/clk?jk=73727eb9b279a6a3&fccid=606aec63eb72f6c0&vjs=3
[위메프서비스] 서비스 백엔드 주니어 개발자의 전체 세부 정보,위메프,대한민국,https://kr.indeed.com/rc/clk?jk=4bbe98923e49db2e&fccid=2f8799a5ef214646&vjs=3
데이터표준품질부문 경력직 (정규직)의 전체 세부 정보,한국정보기술단,서울 강남구,https://kr.indeed.com/rc/clk?jk=78b97e23de61aff9&fccid=99925e8e7b9604cc&vjs=3
2023년 상반기 백엔드 개발자의 전체 세부 정보,반달소프트,성남 분당구,https://kr.indeed.com/rc/clk?jk=1601f1bfe3302af5&fccid=f35f7fc5e918087a&vjs=3
Senior Open Source Developer & DevOps (Python  Django  React  AWS/OpenStack),OpenCraft,Anywhere in the World,https://weworkremotely.com/remote-jobs/opencraft-senior-open-source-developer-devops-python-django-react-aws-openstack
Senior Python Engineer: Long-term job - 100% remote,Proxify AB,Anywhere in the World,https://weworkremotely.com/remote-jobs/proxify-ab-senior-python-engineer-long-term-job-100-remote
Full Stack Software Engineer (React / Python),Trustworthy,Anywhere in the World,https://weworkremotely.com/remote-jobs/trustworthy-full-stack-software-engineer-react-python
Python Platform Engineer,Doximity,Americas Only,https://weworkremotely.com/remote-jobs/doximity-python-platform-engineer
Software Engineer in Test – Python – Cyprus  Greece or Remote ,XM,Anywhere in the World,https://weworkremotely.com/remote-jobs/xm-software-engineer-in-test-python-cyprus-greece-or-remote-2
